timestamp,zone_id,current_setpoint,recommended_setpoint,decision,reasoning,pv_rec,cost_rec,comfort_status
2024-03-15 08:00:00,engineering,22.0,23.5,Increase HVAC setpoint to 23.5°C for the next 4 hours to optimize solar power usage and cost efficiency,The decision balances all factors by increasing the setpoint slightly to make use of available solar energy while also minimizing costs through reduced electricity consumption during off-peak hours.,Increase electricity usage for the next 4 hours to utilize as much solar power as possible.,Shift non-essential loads to off-peak hours to reduce costs and carbon footprint.,acceptable
2024-03-15 08:00:00,library,23.0,21.5,Adjust indoor temperature to 21.5°C to reduce heating load and increase consumption of solar energy.,"The decision balances all factors by prioritizing comfort constraints (Comfort: comfortable), cost optimization (shifting non-essential loads to off-peak hours as per Cost Efficiency Agent's recommendation), and solar/PV utilization (PV Generation Agent's recommendation).",Adjust indoor temperature to reduce heating load and increase consumption of solar energy.,"To optimize cost, shift non-essential loads to off-peak hours (08:04 - 08:08) as the price will drop to $0.18/kWh during that time. To reduce carbon footprint, consider shifting some loads to the period between 22:00 and 06:00 when the carbon intensity is lower.",comfortable
2024-03-15 10:00:00,engineering,22.0,21.5,Increase HVAC setpoint to 21.5°C,"Given the comfortable occupancy level and excess solar production, we prioritize comfort constraints (1), followed by cost/carbon optimization (2). However, considering the current temperature is slightly above the setpoint, a slight increase in setpoint allows for a reduction in HVAC power without compromising comfort. This reduces energy consumption while still utilizing the available solar power.","Continue operating as is, as the solar production forecast for the next 4 hours indicates an excess of power over consumption.",Shift non-essential loads to off-peak hours to save cost and reduce carbon footprint.,comfortable
2024-03-15 10:00:00,library,22.0,21.5,Reduce HVAC power consumption,"To balance comfort constraints, cost/carbon optimization, and solar utilization, we are reducing the HVAC power consumption while keeping the temperature within a comfortable range to save energy costs and reduce carbon emissions. The current solar production exceeds the building's electricity demand for the next 4 hours.","Continue operation as is, as the solar production for the next 4 hours exceeds the current consumption and building's electricity demand.","To balance cost savings and carbon reduction, it is recommended to shift load during the next 4 hours by reducing HVAC consumption.",comfortable
2024-03-15 12:00:00,engineering,22.0,20.5,Reduce HVAC setpoint to 20.5°C and shift some load during the next four hours to utilize excess solar power and reduce costs.,"By reducing the HVAC setpoint slightly, we can save energy and utilize the excess solar power generated. Shifting some load during high-cost periods also helps in cost optimization.",Reduce electricity consumption as much as possible for the next 4 hours to utilize the excess solar power generated.,It is recommended to shift load during the next four hours to avoid high prices and high carbon periods.,uncomfortable
2024-03-15 12:00:00,library,22.0,21.5,Reduce HVAC consumption to match solar generation and shift load during the next 4 hours,"By reducing HVAC setpoint by 0.5°C and power consumption by 10%, we can balance comfort constraints, prioritize cost/carbon optimization, and maximize solar/PV utilization while maintaining acceptable comfort levels.",Reduce electricity consumption where possible to match the forecasted solar generation for the next 4 hours.,"To balance cost savings and carbon reduction, it's recommended to shift load during the next 4 hours by reducing HVAC consumption. This will help avoid high electricity prices and reduce carbon emissions.",acceptable
2024-03-15 15:00:00,engineering,22.0,21.5,Reduce HVAC setpoint to 21.5°C for the next 4 hours,"By reducing the setpoint slightly, we balance comfort constraints (acceptable), cost/carbon optimization by adjusting building's energy consumption to match solar output and shifting non-critical loads to off-peak hours, and solar/PV utilization by prioritizing solar power over higher HVAC power demand.",Adjust building's energy consumption to match the solar output over the next 4 hours.,"It is recommended to shift non-critical loads, particularly HVAC systems, to off-peak hours to avoid high costs and reduce carbon footprint.",acceptable
2024-03-15 15:00:00,library,22.0,21.0,"Reduce HVAC usage during peak hours to balance comfort constraints, cost/carbon optimization, and solar utilization.","By reducing the setpoint slightly and adjusting the HVAC power, we can save energy costs during peak hours while still maintaining a comfortable environment for occupants. The PV Generation Agent's recommendation allows us to utilize solar power effectively, offsetting some of the reduced HVAC usage.",Continue operation as is since current consumption (26.2 kW) is less than the predicted solar output for the next 4 hours.,"To balance cost savings and carbon reduction, it's recommended to shift load away from the next four hours (15:00 - 19:00) due to high pricing and high carbon periods. This could involve reducing HVAC usage or postponing non-essential tasks.",comfortable
2024-03-15 18:00:00,engineering,22.0,21.5,Increase HVAC setpoint to 21.5°C,"To balance comfort constraints (Comfort Agent: acceptable), cost/carbon optimization (Cost Efficiency Agent's recommendation to shift tasks to off-peak hours) and solar/PV utilization (PV Generation Agent's recommendation for higher solar generation during daytime), a slight increase in temperature is justified.",Shift energy-intensive tasks (such as running air conditioning units) to earlier in the day when there is a higher probability of solar generation.,"Shift non-critical loads to off-peak hours, specifically between 22:10 and 06:59 to avoid high prices and high carbon periods.",acceptable
2024-03-15 18:00:00,library,22.0,21.0,Lower HVAC setpoint to reduce costs and optimize solar utilization,Lowering the setpoint by 0.5 degrees reduces energy consumption slightly while also encouraging PV energy storage and load shifting for cost optimization and solar utilization,Store excess consumption energy in batteries for later use,Shift load to off-peak hours to save costs and reduce carbon footprint.,acceptable
